{"(0, 0)": 1.0, "(1, 1)": 1.0, "(2, 2)": 1.0, "(3, 3)": 1.0, "(4, 4)": 1.0, "(5, 5)": 1.0, "(6, 6)": 1.0, "(7, 7)": 1.0, "(8, 8)": 1.0, "(9, 9)": 1.0, "(10, 10)": 1.0, "(11, 11)": 1.0, "(12, 12)": 1.0, "(13, 13)": 1.0, "(14, 14)": 1.0, "(15, 15)": 1.0, "(11, 14)": 0.999549489303762, "(14, 11)": 0.999549489303762, "(11, 15)": 0.9973124356732324, "(15, 11)": 0.9973124356732324, "(14, 15)": 0.9969841011928272, "(15, 14)": 0.9969841011928272, "(9, 12)": 0.9950580240428417, "(12, 9)": 0.9950580240428417, "(4, 7)": 0.9923698251161803, "(7, 4)": 0.9923698251161803, "(10, 13)": 0.9874001721859914, "(13, 10)": 0.9874001721859914, "(3, 6)": 0.9870424188629376, "(6, 3)": 0.9870424188629376, "(0, 2)": 0.9789103802320512, "(2, 0)": 0.9789103802320512, "(1, 5)": 0.9714658312505939, "(5, 1)": 0.9714658312505939, "(1, 2)": 0.9456994698380455, "(2, 1)": 0.9456994698380455, "(12, 15)": 0.9363932401934528, "(15, 12)": 0.9363932401934528, "(0, 1)": 0.9354931505118332, "(1, 0)": 0.9354931505118332, "(2, 5)": 0.9351757257937492, "(5, 2)": 0.9351757257937492, "(9, 15)": 0.9347694236292804, "(15, 9)": 0.9347694236292804, "(11, 12)": 0.9279453546645028, "(12, 11)": 0.9279453546645028, "(12, 14)": 0.9277078859603457, "(14, 12)": 0.9277078859603457, "(9, 14)": 0.9270656404122587, "(14, 9)": 0.9270656404122587, "(9, 11)": 0.9263522201421809, "(11, 9)": 0.9263522201421809, "(3, 8)": 0.9084279407397344, "(8, 3)": 0.9084279407397344, "(0, 5)": 0.9032739872753985, "(5, 0)": 0.9032739872753985, "(6, 8)": 0.8996769701740154, "(8, 6)": 0.8996769701740154, "(7, 10)": 0.8378357168151588, "(10, 7)": 0.8378357168151588, "(4, 10)": 0.8357249673038242, "(10, 4)": 0.8357249673038242, "(7, 13)": 0.8175260433109739, "(13, 7)": 0.8175260433109739, "(4, 13)": 0.8102611153547171, "(13, 4)": 0.8102611153547171, "(0, 6)": 0.6418050340516734, "(6, 0)": 0.6418050340516734, "(2, 6)": 0.6335373186022439, "(6, 2)": 0.6335373186022439, "(0, 3)": 0.6271401363778126, "(3, 0)": 0.6271401363778126, "(1, 6)": 0.618680243629256, "(6, 1)": 0.618680243629256, "(2, 3)": 0.6149400417569681, "(3, 2)": 0.6149400417569681, "(1, 3)": 0.6029303063255547, "(3, 1)": 0.6029303063255547, "(5, 6)": 0.5954622006672691, "(6, 5)": 0.5954622006672691, "(2, 7)": 0.5829287429851621, "(7, 2)": 0.5829287429851621, "(5, 7)": 0.5824149982819982, "(7, 5)": 0.5824149982819982, "(2, 4)": 0.5804458755359654, "(4, 2)": 0.5804458755359654, "(4, 5)": 0.5783318734275246, "(5, 4)": 0.5783318734275246, "(3, 5)": 0.5743507886548529, "(5, 3)": 0.5743507886548529, "(1, 8)": 0.5741241008320547, "(8, 1)": 0.5741241008320547, "(0, 7)": 0.5618227480407411, "(7, 0)": 0.5618227480407411, "(0, 4)": 0.5609844502444004, "(4, 0)": 0.5609844502444004, "(5, 8)": 0.5527858939279836, "(8, 5)": 0.5527858939279836, "(0, 8)": 0.5521867535064449, "(8, 0)": 0.5521867535064449, "(1, 7)": 0.5511226665565832, "(7, 1)": 0.5511226665565832, "(1, 4)": 0.5490928612468382, "(4, 1)": 0.5490928612468382, "(2, 8)": 0.5477652762671283, "(8, 2)": 0.5477652762671283, "(5, 10)": 0.525926314549452, "(10, 5)": 0.525926314549452, "(10, 14)": 0.5221265751271449, "(14, 10)": 0.5221265751271449, "(10, 11)": 0.521293925023456, "(11, 10)": 0.521293925023456, "(11, 13)": 0.5152718088881456, "(13, 11)": 0.5152718088881456, "(13, 14)": 0.5149358464948156, "(14, 13)": 0.5149358464948156, "(1, 10)": 0.5032902938430209, "(10, 1)": 0.5032902938430209, "(5, 13)": 0.5002032330912383, "(13, 5)": 0.5002032330912383, "(10, 15)": 0.4973536911227026, "(15, 10)": 0.4973536911227026, "(8, 15)": 0.4937950939121153, "(15, 8)": 0.4937950939121153, "(13, 15)": 0.4901031486983112, "(15, 13)": 0.4901031486983112, "(8, 14)": 0.4840604717969167, "(14, 8)": 0.4840604717969167, "(8, 11)": 0.4820439776946176, "(11, 8)": 0.4820439776946176, "(6, 9)": 0.4806926712077587, "(9, 6)": 0.4806926712077587, "(8, 9)": 0.4759630926528434, "(9, 8)": 0.4759630926528434, "(1, 13)": 0.4732508749967534, "(13, 1)": 0.4732508749967534, "(3, 9)": 0.4674604372714194, "(9, 3)": 0.4674604372714194, "(4, 9)": 0.4632210462494348, "(9, 4)": 0.4632210462494348, "(6, 12)": 0.46265571235909214, "(12, 6)": 0.46265571235909214, "(8, 12)": 0.460835086170191, "(12, 8)": 0.460835086170191, "(7, 9)": 0.45775045705449563, "(9, 7)": 0.45775045705449563, "(4, 12)": 0.4515469048184276, "(12, 4)": 0.4515469048184276, "(3, 12)": 0.4488625320449564, "(12, 3)": 0.4488625320449564, "(7, 12)": 0.4480027794509592, "(12, 7)": 0.4480027794509592, "(6, 15)": 0.43932442333405936, "(15, 6)": 0.43932442333405936, "(4, 14)": 0.4322502983367768, "(14, 4)": 0.4322502983367768, "(2, 10)": 0.4312907993227112, "(10, 2)": 0.4312907993227112, "(4, 11)": 0.43047487304319754, "(11, 4)": 0.43047487304319754, "(6, 14)": 0.42801497019701995, "(14, 6)": 0.42801497019701995, "(9, 10)": 0.4278730405623595, "(10, 9)": 0.4278730405623595, "(3, 15)": 0.42732436513358535, "(15, 3)": 0.42732436513358535, "(7, 14)": 0.42694436523645335, "(14, 7)": 0.42694436523645335, "(7, 11)": 0.42614333927705944, "(11, 7)": 0.42614333927705944, "(6, 11)": 0.42556720368307077, "(11, 6)": 0.42556720368307077, "(10, 12)": 0.4200627917347461, "(12, 10)": 0.4200627917347461, "(4, 15)": 0.4197065127565883, "(15, 4)": 0.4197065127565883, "(3, 14)": 0.4160348269468013, "(14, 3)": 0.4160348269468013, "(9, 13)": 0.4157094965544236, "(13, 9)": 0.4157094965544236, "(7, 15)": 0.4153133711587263, "(15, 7)": 0.4153133711587263, "(3, 11)": 0.41362941941540754, "(11, 3)": 0.41362941941540754, "(12, 13)": 0.41177174131876304, "(13, 12)": 0.41177174131876304, "(0, 10)": 0.40934142758654696, "(10, 0)": 0.40934142758654696, "(2, 13)": 0.40105018074578447, "(13, 2)": 0.40105018074578447, "(0, 13)": 0.3762876437227595, "(13, 0)": 0.3762876437227595, "(4, 6)": 0.34856432961792194, "(6, 4)": 0.34856432961792194, "(6, 7)": 0.3459286198910416, "(7, 6)": 0.3459286198910416, "(4, 8)": 0.33028016873643196, "(8, 4)": 0.33028016873643196, "(7, 8)": 0.32785938612714266, "(8, 7)": 0.32785938612714266, "(3, 4)": 0.32511487275158446, "(4, 3)": 0.32511487275158446, "(3, 7)": 0.3219093558430777, "(7, 3)": 0.3219093558430777, "(8, 10)": 0.30548744821656154, "(10, 8)": 0.30548744821656154, "(1, 14)": 0.2820446741175397, "(14, 1)": 0.2820446741175397, "(8, 13)": 0.28071597730561454, "(13, 8)": 0.28071597730561454, "(1, 15)": 0.28048177126372226, "(15, 1)": 0.28048177126372226, "(1, 11)": 0.27951260914544007, "(11, 1)": 0.27951260914544007, "(5, 14)": 0.2613820752674804, "(14, 5)": 0.2613820752674804, "(0, 9)": 0.2598115803808995, "(9, 0)": 0.2598115803808995, "(5, 15)": 0.25929740651177324, "(15, 5)": 0.25929740651177324, "(5, 11)": 0.25865230769207787, "(11, 5)": 0.25865230769207787, "(6, 10)": 0.2585746092100119, "(10, 6)": 0.2585746092100119, "(2, 9)": 0.25286236871031437, "(9, 2)": 0.25286236871031437, "(1, 9)": 0.251654120180283, "(9, 1)": 0.251654120180283, "(0, 12)": 0.24026438351829577, "(12, 0)": 0.24026438351829577, "(3, 10)": 0.23727153766520362, "(10, 3)": 0.23727153766520362, "(5, 9)": 0.23700730860339114, "(9, 5)": 0.23700730860339114, "(2, 12)": 0.2342105654762778, "(12, 2)": 0.2342105654762778, "(1, 12)": 0.23353450148307225, "(12, 1)": 0.23353450148307225, "(6, 13)": 0.22801186226531886, "(13, 6)": 0.22801186226531886, "(0, 15)": 0.22189630760237605, "(15, 0)": 0.22189630760237605, "(5, 12)": 0.220649497663104, "(12, 5)": 0.220649497663104, "(0, 14)": 0.2186359036457046, "(14, 0)": 0.2186359036457046, "(0, 11)": 0.21617943272222626, "(11, 0)": 0.21617943272222626, "(2, 15)": 0.2134739577415279, "(15, 2)": 0.2134739577415279, "(2, 14)": 0.21100768661798053, "(14, 2)": 0.21100768661798053, "(2, 11)": 0.20827559903783807, "(11, 2)": 0.20827559903783807, "(3, 13)": 0.20639653828745222, "(13, 3)": 0.20639653828745222}